part,section_id,type,marks_each,questions,marks
DA,DA.AI,MCQ,1,6,6
DA,DA.AI,MCQ,2,4,8
DA,DA.AI,MSQ,1,3,3
DA,DA.AI,MSQ,2,2,4
DA,DA.AI,NAT,1,1,1
DA,DA.AI,NAT,2,1,2
DA,DA.CO,MCQ,1,2,2
DA,DA.CO,MCQ,2,1,2
DA,DA.CO,MSQ,1,2,2
DA,DA.CO,MSQ,2,4,8
DA,DA.CO,NAT,1,4,4
DA,DA.CO,NAT,2,2,4
DA,DA.DB,MCQ,1,6,6
DA,DA.DB,MCQ,2,4,8
DA,DA.DB,MSQ,1,1,1
DA,DA.DB,MSQ,2,5,10
DA,DA.DB,NAT,1,3,3
DA,DA.DB,NAT,2,4,8
DA,DA.LA,MCQ,1,5,5
DA,DA.LA,MCQ,2,3,6
DA,DA.LA,MSQ,1,2,2
DA,DA.LA,MSQ,2,6,12
DA,DA.LA,NAT,1,1,1
DA,DA.LA,NAT,2,2,4
DA,DA.ML,MCQ,1,8,8
DA,DA.ML,MCQ,2,5,10
DA,DA.ML,MSQ,1,2,2
DA,DA.ML,MSQ,2,4,8
DA,DA.ML,NAT,1,2,2
DA,DA.ML,NAT,2,5,10
DA,DA.PD,MCQ,1,7,7
DA,DA.PD,MCQ,2,8,16
DA,DA.PD,MSQ,1,4,4
DA,DA.PD,MSQ,2,5,10
DA,DA.PD,NAT,1,3,3
DA,DA.PD,NAT,2,4,8
DA,DA.PS,MCQ,1,8,8
DA,DA.PS,MCQ,2,8,16
DA,DA.PS,MSQ,1,1,1
DA,DA.PS,MSQ,2,3,6
DA,DA.PS,NAT,1,4,4
DA,DA.PS,NAT,2,10,20
GA,GA.AA,MCQ,1,6,6
GA,GA.AA,MCQ,2,3,6
GA,GA.QA,MCQ,1,6,6
GA,GA.QA,MCQ,2,7,14
GA,GA.SA,MCQ,1,2,2
GA,GA.SA,MCQ,2,2,4
GA,GA.VA,MCQ,1,1,1
GA,GA.VA,MCQ,2,3,6
