id,year,number,section,type,marks,reasons,what_to_check,pages,crop,stem_preview
DA2024-Q02,2024,2,GA,MCQ,1,figure,contains an image or vector drawing; text alone is incomplete,2,data/processed/crops/2024/DA2024-Q02.png,The 15 parts of the given figure are to be painted such that no two adjacent parts with shared boundaries (excluding corners) have the same color. The minimum n
DA2024-Q04,2024,4,GA,MCQ,1,display_math,"fractions, matrices, big operators or stacked math; linear text may be ambiguous",3,data/processed/crops/2024/DA2024-Q04.png,The sum of the following infinite series is 2 + 12 + 13 + 14 + 18 + 19 + 116 + 217 + ⋯
DA2024-Q05,2024,5,GA,MCQ,1,figure,contains an image or vector drawing; text alone is incomplete,4,data/processed/crops/2024/DA2024-Q05.png,"In an election, the share of valid votes received by the four candidates A, B, C, and D is represented by the pie chart shown. The total number of votes cast in"
DA2024-Q08,2024,8,GA,MCQ,2,table,contains a table; extracted text flattens rows and columns,6,data/processed/crops/2024/DA2024-Q08.png,"Person 1 and Person 2 invest in three mutual funds A, B, and C. The amounts they invest in each of these mutual funds are given in the table. Mutual fund A Mutu"
DA2024-Q09,2024,9,GA,MCQ,2,empty_text;figure,stem or an option came out empty | contains an image or vector drawing; text alone is incomplete,7,data/processed/crops/2024/DA2024-Q09.png,Three different views of a dice are shown in the figure below. The piece of paper that can be folded to make this dice is
DA2024-Q13,2024,13,DA,MCQ,1,display_math,"fractions, matrices, big operators or stacked math; linear text may be ambiguous",10,data/processed/crops/2024/DA2024-Q13.png,Consider the matrix M = [2 −1 3 1 ]. Which ONE of the following statements is TRUE?
DA2024-Q16,2024,16,DA,MCQ,1,table,contains a table; extracted text flattens rows and columns,11,data/processed/crops/2024/DA2024-Q16.png,Match the items in Column 1 with the items in Column 2 in the following table: Column 1 Column 2 (p) First In First Out (i) Stacks (q) Lookup Operation (ii) Que
DA2024-Q17,2024,17,DA,MCQ,1,display_math,"fractions, matrices, big operators or stacked math; linear text may be ambiguous",12,data/processed/crops/2024/DA2024-Q17.png,"Consider the dataset with six datapoints: {(x_1, y_1),(x_2,y_2),… , (x_6,y_6)}, where x_1 = [10], x_2 = [01], x_3 = [ −01] , x_4 = [−01 ], x_5 = [22] , x_6 = [−"
DA2024-Q18,2024,18,DA,MCQ,1,table,contains a table; extracted text flattens rows and columns,12,data/processed/crops/2024/DA2024-Q18.png,Match the items in Column 1 with the items in Column 2 in the following table: Column 1 Column 2 (p) Principal Component Analysis (i) Discriminative Model (q) N
DA2024-Q19,2024,19,DA,MCQ,1,display_math,"fractions, matrices, big operators or stacked math; linear text may be ambiguous",13,data/processed/crops/2024/DA2024-Q19.png,"Euclidean distance based k-means clustering algorithm was run on a dataset of 100 points with k = 3. If the points [11] and [−11 ] are both part of cluster 3, t"
DA2024-Q21,2024,21,DA,MCQ,1,display_math,"fractions, matrices, big operators or stacked math; linear text may be ambiguous",14,data/processed/crops/2024/DA2024-Q21.png,"Consider performing uniform hashing on an open address hash table with load factor α =_m^n < 1, where n elements are stored in the table with m slots. The 1 exp"
DA2024-Q22,2024,22,DA,MCQ,1,display_math,"fractions, matrices, big operators or stacked math; linear text may be ambiguous",14,data/processed/crops/2024/DA2024-Q22.png,"For any binary classification dataset, let S_B ∈ ℝ^{d×d} and S_W ∈ ℝ^{d×d} be the between-class and within-class scatter (covariance) matrices, respectively. Th"
DA2024-Q30,2024,30,DA,NAT,1,table,contains a table; extracted text flattens rows and columns,18,data/processed/crops/2024/DA2024-Q30.png,Consider sorting the following array of integers in ascending order using an in-place Quicksort algorithm that uses the last element as the pivot. 60 70 80 90 1
DA2024-Q31,2024,31,DA,NAT,1,table,contains a table; extracted text flattens rows and columns,19,data/processed/crops/2024/DA2024-Q31.png,Consider the following two tables named Raider and Team in a relational database maintained by a Kabaddi league. The attribute ID in table Team references the p
DA2024-Q33,2024,33,DA,NAT,1,display_math,"fractions, matrices, big operators or stacked math; linear text may be ambiguous",20,data/processed/crops/2024/DA2024-Q33.png,Let f:ℝ → ℝ be the function f(x) =^1 1+e^{−x} . The value of the derivative of f at x where f(x) = 0.4 is ______ (rounded off to two decimal places). Note: ℝ de
DA2024-Q35,2024,35,DA,NAT,1,display_math,"fractions, matrices, big operators or stacked math; linear text may be ambiguous",21,data/processed/crops/2024/DA2024-Q35.png,1 2 3 Consider the 3 × 3 matrix M = [3 1 3]. 4 3 6 The determinant of (M^2 + 12M) is ______.
DA2024-Q37,2024,37,DA,MCQ,2,display_math,"fractions, matrices, big operators or stacked math; linear text may be ambiguous",22,data/processed/crops/2024/DA2024-Q37.png,"Let f:ℝ → ℝ be a function. Note: ℝ denotes the set of real numbers. −x, if x < −2 f(x) = {ax^2 + bx+ c, if x∈ [−2,2] x, if x > 2 Which ONE of the following choi"
DA2024-Q39,2024,39,DA,MCQ,2,display_math;formatting_semantics,"fractions, matrices, big operators or stacked math; linear text may be ambiguous | meaning depends on underlining (e.g. keys in a schema), which plain text loses",24,data/processed/crops/2024/DA2024-Q39.png,Consider the function computeS(X) whose pseudocode is given below: computeS(X) S[1] ← 1 for i ←2 to length(X) S[i] ← 1 if X[i− 1] ≤ X[i] S[i] ← S[i] + S[i −1] e
DA2024-Q42,2024,42,DA,MCQ,2,empty_text;figure;table;display_math,"stem or an option came out empty | contains an image or vector drawing; text alone is incomplete | contains a table; extracted text flattens rows and columns | fractions, matrices, big operators or stacked math; linear text may be ambiguous",26,data/processed/crops/2024/DA2024-Q42.png,"Consider the table below, where the (i, j)^{th} element of the table is the distance between points x_i and x_j. Single linkage clustering is performed on data "
DA2024-Q43,2024,43,DA,MCQ,2,figure,contains an image or vector drawing; text alone is incomplete,27,data/processed/crops/2024/DA2024-Q43.png,"Consider the two neural networks (NNs) shown in Figures 1 and 2, with ReLU activation (ReLU(z) = max{0, z} , ∀z ∈ ℝ). ℝ denotes the set of real numbers. The con"
DA2024-Q47,2024,47,DA,MSQ,2,display_math,"fractions, matrices, big operators or stacked math; linear text may be ambiguous",30,data/processed/crops/2024/DA2024-Q47.png,Select all choices that are subspaces of ℝ^3. Note: ℝ denotes the set of real numbers.
DA2024-Q50,2024,50,DA,MSQ,2,display_math,"fractions, matrices, big operators or stacked math; linear text may be ambiguous",32,data/processed/crops/2024/DA2024-Q50.png,Consider the function f: ℝ → ℝ where ℝ is the set of all real numbers. f(x) = x4^4 −23x ^3 − 32x ^2 + 1 Which of the following statements is/are TRUE?
DA2024-Q51,2024,51,DA,MSQ,2,figure,contains an image or vector drawing; text alone is incomplete,33,data/processed/crops/2024/DA2024-Q51.png,Consider the directed acyclic graph (DAG) below: Which of the following is/are valid vertex orderings that can be obtained from a topological sort of the DAG?
DA2024-Q53,2024,53,DA,MSQ,2,figure;table,contains an image or vector drawing; text alone is incomplete | contains a table; extracted text flattens rows and columns,35,data/processed/crops/2024/DA2024-Q53.png,Consider the following figures representing datasets consisting of two-dimensional features with two classes denoted by circles and squares. (i) (ii) (iii) (iv)
DA2024-Q55,2024,55,DA,MSQ,2,formatting_semantics,"meaning depends on underlining (e.g. keys in a schema), which plain text loses",37,data/processed/crops/2024/DA2024-Q55.png,"An OTT company is maintaining a large disk-based relational database of different movies with the following schema: Movie(ID, CustomerRating) Genre(ID, Name) Mo"
DA2024-Q57,2024,57,DA,NAT,2,display_math,"fractions, matrices, big operators or stacked math; linear text may be ambiguous",38,data/processed/crops/2024/DA2024-Q57.png,"Let X be a random variable exponentially distributed with parameter λ > 0. The probability density function of X is given by: f_X(x) = {λ e^{−λx}, x ≥ 0 0, othe"
DA2024-Q59,2024,59,DA,NAT,2,display_math,"fractions, matrices, big operators or stacked math; linear text may be ambiguous",38,data/processed/crops/2024/DA2024-Q59.png,"Consider a joint probability density function of two random variables X and Y f_{X,Y}(x, y) = {2xy, 0 < x < 2, 0 < y < x 0, otherwise Then, E[Y|X = 1.5] is ____"
DA2024-Q60,2024,60,DA,NAT,2,display_math,"fractions, matrices, big operators or stacked math; linear text may be ambiguous",38,data/processed/crops/2024/DA2024-Q60.png,Evaluate the following limit: ln ((x2+1) cos x) lim = ______. x→0 x2
DA2024-Q61,2024,61,DA,NAT,2,display_math,"fractions, matrices, big operators or stacked math; linear text may be ambiguous",39,data/processed/crops/2024/DA2024-Q61.png,"1 2 Let u = 3 , and let σ_1, σ_2,σ_3, σ_4, σ_5 be the singular values of the matrix 4 [5 ] M= uu^T (where u^T is the transpose of u). The value of ∑^5 σ_i is __"
DA2024-Q62,2024,62,DA,NAT,2,table;display_math,"contains a table; extracted text flattens rows and columns | fractions, matrices, big operators or stacked math; linear text may be ambiguous",39,data/processed/crops/2024/DA2024-Q62.png,Details of ten international cricket games between two teams “Green” and “Blue” are given in Table C. This table consists of matches played on different pitches
DA2024-Q63,2024,63,DA,NAT,2,figure,contains an image or vector drawing; text alone is incomplete,40,data/processed/crops/2024/DA2024-Q63.png,Given the two-dimensional dataset consisting of 5 data points from two classes (circles and squares) and assume that the Euclidean distance is used to measure t
DA2024-Q64,2024,64,DA,NAT,2,figure;table;display_math,"contains an image or vector drawing; text alone is incomplete | contains a table; extracted text flattens rows and columns | fractions, matrices, big operators or stacked math; linear text may be ambiguous",41,data/processed/crops/2024/DA2024-Q64.png,Given the following Bayesian Network consisting of four Bernoulli random variables and the associated conditional probability tables: P(⋅) U = 0 0.5 U = 1 0.5 P
DA2025-Q03,2025,3,GA,MCQ,1,figure;table,contains an image or vector drawing; text alone is incomplete | contains a table; extracted text flattens rows and columns,2,data/processed/crops/2025/DA2025-Q03.png,A 4 × 4 digital image has pixel intensities (U) as shown in the figure. The number of pixels with U ≤ 4 is:
DA2025-Q04,2025,4,GA,MCQ,1,figure,contains an image or vector drawing; text alone is incomplete,3,data/processed/crops/2025/DA2025-Q04.png,"In the given figure, the numbers associated with the rectangle, triangle, and ellipse are 1, 2, and 3, respectively. Which one among the given options is the mo"
DA2025-Q06,2025,6,GA,MCQ,2,table,contains a table; extracted text flattens rows and columns,5,data/processed/crops/2025/DA2025-Q06.png,"Column-I has statements made by Shanthala; and, Column-II has responses given by Kanishk. Column-I Column-II P. This house is in a mess. 1. Alright, I won’t bri"
DA2025-Q08,2025,8,GA,MCQ,2,figure,contains an image or vector drawing; text alone is incomplete,7,data/processed/crops/2025/DA2025-Q08.png,A regular dodecagon (12-sided regular polygon) is inscribed in a circle of radius r cm as shown in the figure. The side of the dodecagon is d cm. All the triang
DA2025-Q09,2025,9,GA,MCQ,2,display_math,"fractions, matrices, big operators or stacked math; linear text may be ambiguous",8,data/processed/crops/2025/DA2025-Q09.png,"2x2 If a real variable x satisfies 3^{x2} = 27 × 9^x, then the value of (2_x)_2 is:"
DA2025-Q10,2025,10,GA,MCQ,2,figure;display_math,"contains an image or vector drawing; text alone is incomplete | fractions, matrices, big operators or stacked math; linear text may be ambiguous",9,data/processed/crops/2025/DA2025-Q10.png,"The number of patients per shift (X) consulting Dr. Gita in her past 100 shifts is shown in the figure. If the amount she earns is ₹ 1000(X − 0.2), what is the "
DA2025-Q11,2025,11,DA,MCQ,1,display_math,"fractions, matrices, big operators or stacked math; linear text may be ambiguous",10,data/processed/crops/2025/DA2025-Q11.png,Suppose X and Y are random variables. The conditional expectation of X given Y is denoted by E[X|Y ]. Then E[E[X|Y ]] equals
DA2025-Q14,2025,14,DA,MCQ,1,display_math,"fractions, matrices, big operators or stacked math; linear text may be ambiguous",11,data/processed/crops/2025/DA2025-Q14.png,"Let f(x) = e^x − e^{−x}, x ∈ R. Let f ^{(k)}(a) denote the k^{th} derivative of f evaluated at a. 2 What is the value of f ^{(10)}(0)? (Note: ! denotes factoria"
DA2025-Q17,2025,17,DA,MCQ,1,formatting_semantics,"meaning depends on underlining (e.g. keys in a schema), which plain text loses",12,data/processed/crops/2025/DA2025-Q17.png,"Consider the following three relations: Car (model, year, serial, color) Make (maker, model) Own (owner, serial) A tuple in Car represents a specific car of a g"
DA2025-Q19,2025,19,DA,MCQ,1,display_math;unmapped_glyphs,"fractions, matrices, big operators or stacked math; linear text may be ambiguous | glyphs without a Unicode mapping (shown as private-use characters)",13,data/processed/crops/2025/DA2025-Q19.png,"Let X be a continuous random variable whose cumulative distribution function (CDF) F_X(x), for some t, is given as follows:  0 x ≤ t   x − t F_X(x) = t ≤ x"
DA2025-Q21,2025,21,DA,MCQ,1,display_math,"fractions, matrices, big operators or stacked math; linear text may be ambiguous",14,data/processed/crops/2025/DA2025-Q21.png,"It is given that P(X ≥ 2) = 0.25 for an exponentially distributed random variable X with E[X] = λ1, where E[X] denotes the expectation of X. What is the value o"
DA2025-Q24,2025,24,DA,MSQ,1,display_math,"fractions, matrices, big operators or stacked math; linear text may be ambiguous",15,data/processed/crops/2025/DA2025-Q24.png,"Consider two functions f : R → R and g : R → (1, ∞). Both functions are differen- tiable at a point c. Which of the following functions is/are ALWAYS differenti"
DA2025-Q30,2025,30,DA,MSQ,1,display_math,"fractions, matrices, big operators or stacked math; linear text may be ambiguous",17,data/processed/crops/2025/DA2025-Q30.png,"Let C_1 and C_2 be two sets of objects. Let D(x, y) be a measure of dissimilarity between two objects x and y. Consider the following definitions of dissimilari"
DA2025-Q31,2025,31,DA,NAT,1,display_math,"fractions, matrices, big operators or stacked math; linear text may be ambiguous",17,data/processed/crops/2025/DA2025-Q31.png,There are three boxes containing white balls and black balls. Box-1 contains 2 black and 1 white balls. Box-2 contains 1 black and 2 white balls. Box-3 contains
DA2025-Q32,2025,32,DA,NAT,1,display_math,"fractions, matrices, big operators or stacked math; linear text may be ambiguous",17,data/processed/crops/2025/DA2025-Q32.png,√ lim t^2 + t − t = t→+∞ (Round off to one decimal place)
DA2025-Q33,2025,33,DA,NAT,1,table,contains a table; extracted text flattens rows and columns,18,data/processed/crops/2025/DA2025-Q33.png,On a relation named Loan of a bank: Loan loan number branch name amount L11 Banjara Hills 90000 L14 Kondapur 50000 L15 SR Nagar 40000 L22 SR Nagar 25000 L23 Bal
DA2025-Q35,2025,35,DA,NAT,1,display_math,"fractions, matrices, big operators or stacked math; linear text may be ambiguous",18,data/processed/crops/2025/DA2025-Q35.png,"The naive Bayes classifier is used to solve a two-class classification problem with class- labels y_1, y_2. Suppose the prior probabilities are P(y_1) = 13 and "
DA2025-Q36,2025,36,DA,MCQ,2,display_math,"fractions, matrices, big operators or stacked math; linear text may be ambiguous",19,data/processed/crops/2025/DA2025-Q36.png,"Let Y = Z^2, Z = X − µ, where X is a normal random variable with mean µ and σ variance σ^2. The variance of Y is"
DA2025-Q39,2025,39,DA,MCQ,2,display_math;unmapped_glyphs,"fractions, matrices, big operators or stacked math; linear text may be ambiguous | glyphs without a Unicode mapping (shown as private-use characters)",20,data/processed/crops/2025/DA2025-Q39.png,Consider the cumulative distribution function (CDF) of a random variable X:  0 x ≤ −1  1 FX(x) = 4(x + 1)^2 −1 ≤ x ≤ 1  1 x ≥ 1  The value of P(X^2
DA2025-Q40,2025,40,DA,MCQ,2,display_math,"fractions, matrices, big operators or stacked math; linear text may be ambiguous",20,data/processed/crops/2025/DA2025-Q40.png,"A random variable X is said to be distributed as Bernoulli(θ), denoted by X ∼ Bernoulli(θ), if P(X = 1) = θ, P(X = 0) = 1 − θ 300 for 0 < θ < 1. Let Y = XX_i, w"
DA2025-Q41,2025,41,DA,MCQ,2,display_math,"fractions, matrices, big operators or stacked math; linear text may be ambiguous",21,data/processed/crops/2025/DA2025-Q41.png,"For x ∈ R, the floor function is denoted by f(x) = ⌊x⌋ and defined as follows ⌊x⌋ = k, k ≤ x < k + 1, where k is an integer. Let Y = ⌊X⌋, where X is an exponent"
DA2025-Q42,2025,42,DA,MCQ,2,figure;display_math,"contains an image or vector drawing; text alone is incomplete | fractions, matrices, big operators or stacked math; linear text may be ambiguous",22,data/processed/crops/2025/DA2025-Q42.png,"Consider the neural network shown in the figure with inputs: u, v weights: a, b, c, d, e, f output: y R denotes the ReLU function, R(x) = max(0, x). a u R b e R"
DA2025-Q43,2025,43,DA,MCQ,2,figure,contains an image or vector drawing; text alone is incomplete,23,data/processed/crops/2025/DA2025-Q43.png,Consider game trees Tree-1 and Tree-2 as shown. The first level is a MAX agent and the second level is a MIN agent. The value in the square node is the output o
DA2025-Q44,2025,44,DA,MCQ,2,figure,contains an image or vector drawing; text alone is incomplete,24,data/processed/crops/2025/DA2025-Q44.png,The state graph shows the action cost along the edges and the heuristic function h asso- ciated with each state. h=2 h=2 h=6 2 2 A B C 4 3 h=2 h=0 2 3 S E D G 1
DA2025-Q45,2025,45,DA,MCQ,2,display_math,"fractions, matrices, big operators or stacked math; linear text may be ambiguous",24,data/processed/crops/2025/DA2025-Q45.png,"A random experiment consists of throwing 100 fair dice, each die having six faces numbered 1 to 6. An event A represents the set of all outcomes where at least "
DA2025-Q49,2025,49,DA,MSQ,2,display_math,"fractions, matrices, big operators or stacked math; linear text may be ambiguous",27,data/processed/crops/2025/DA2025-Q49.png,"Consider the function f(x) = x3^3 + 72x^2 + 10 x + 123 3, x ∈ [−8, 0]. Which of the following statements is/are correct?"
DA2025-Q53,2025,53,DA,MSQ,2,display_math;unmapped_glyphs,"fractions, matrices, big operators or stacked math; linear text may be ambiguous | glyphs without a Unicode mapping (shown as private-use characters)",28,data/processed/crops/2025/DA2025-Q53.png,"Consider designing a linear binary classifier f(x) = sign(w^{⊤}x + b), x ∈ R^2 on the following training data:             2  0  2   0  Clas"
DA2025-Q54,2025,54,DA,MSQ,2,display_math,"fractions, matrices, big operators or stacked math; linear text may be ambiguous",29,data/processed/crops/2025/DA2025-Q54.png,"Consider a coin-toss experiment where the probability of head showing up is p. In the i^{th} coin toss, let X_i = 1 if head appears, and X_i = 0 if tail appears"
DA2025-Q58,2025,58,DA,MSQ,2,figure,contains an image or vector drawing; text alone is incomplete,31,data/processed/crops/2025/DA2025-Q58.png,"Let G be a simple, unweighted, and undirected graph. A subset of the vertices and edges of G are shown below. a b c d e f g h It is given that a − b − c − d is "
DA2025-Q60,2025,60,DA,NAT,2,display_math,"fractions, matrices, big operators or stacked math; linear text may be ambiguous",32,data/processed/crops/2025/DA2025-Q60.png,"Let D = {x^{(1)}, . . . , x^{(n)}} be a dataset of n observations where each x^{(i)} ∈ R^{100}. It n is given that Xx^{(i)} = 0. The covariance matrix computed "
DA2025-Q62,2025,62,DA,NAT,2,table,contains a table; extracted text flattens rows and columns,32,data/processed/crops/2025/DA2025-Q62.png,"Consider the following tables, Loan and Borrower, of a bank. Borrower Loan customer name loan num loan num branch name amount Anand L11 L11 Banjara Hills 90000 "
DA2026-Q03,2026,3,GA,MCQ,1,figure,contains an image or vector drawing; text alone is incomplete,2,data/processed/crops/2026/DA2026-Q03.png,"The four pieces of a puzzle are shown in the figure below. Which one of the figures labelled as P, Q, R, and S can be constructed by using each of the four piec"
DA2026-Q10,2026,10,GA,MCQ,2,figure;display_math,"contains an image or vector drawing; text alone is incomplete | fractions, matrices, big operators or stacked math; linear text may be ambiguous",7,data/processed/crops/2026/DA2026-Q10.png,"In the given figure, P, Q, and R are three points on a circle of radius 10 cm with O as its center, PQ̅̅̅̅ = RQ̅̅̅̅, and ∠PQR = 45°. The figure is representativ"
DA2026-Q15,2026,15,DA,MCQ,1,display_math,"fractions, matrices, big operators or stacked math; linear text may be ambiguous",10,data/processed/crops/2026/DA2026-Q15.png,"Consider that the quick sort algorithm is used to sort an array of n distinct randomly ordered elements. In every call, the pivot is chosen as the first element"
DA2026-Q20,2026,20,DA,MCQ,1,display_math,"fractions, matrices, big operators or stacked math; linear text may be ambiguous",13,data/processed/crops/2026/DA2026-Q20.png,Suppose that a computer program provides a non-negative and integer-valued random solution to the equation n_1 + n_2 + n_3 + n_4 = 20. Which of the following is
DA2026-Q21,2026,21,DA,MCQ,1,display_math,"fractions, matrices, big operators or stacked math; linear text may be ambiguous",14,data/processed/crops/2026/DA2026-Q21.png,"Let M = (cosθ −sinθ^2_5^π , and sinθ cosθ) be a 2 × 2 matrix, where θ = I_2 = (1 0 0 1). Which of the following options is equal to M^{2026} ?"
DA2026-Q23,2026,23,DA,MSQ,1,table,contains a table; extracted text flattens rows and columns,15,data/processed/crops/2026/DA2026-Q23.png,"In the following table, the Task column lists a few tasks related to machine learning. The Algorithm column lists a few algorithms. Each entry “t” from the Task"
DA2026-Q30,2026,30,DA,NAT,1,figure,contains an image or vector drawing; text alone is incomplete,20,data/processed/crops/2026/DA2026-Q30.png,Consider the game tree for a two-player turn-taking minimax game as shown in the figure. The value of a terminal node represents the utility of the game state i
DA2026-Q35,2026,35,DA,NAT,1,display_math,"fractions, matrices, big operators or stacked math; linear text may be ambiguous",21,data/processed/crops/2026/DA2026-Q35.png,The value of ∑^{∞}_{i=0} ∑^{∞} 2^{−i} 3^{−j} is ______________ . (Answer in integer) j=1
DA2026-Q38,2026,38,DA,MCQ,2,display_math,"fractions, matrices, big operators or stacked math; linear text may be ambiguous",23,data/processed/crops/2026/DA2026-Q38.png,"Assume that a Creative (C) person will Succeed (S) if the person is also Disciplined (D), but will not succeed otherwise. Now, consider the following statements"
DA2026-Q41,2026,41,DA,MCQ,2,figure,contains an image or vector drawing; text alone is incomplete,26,data/processed/crops/2026/DA2026-Q41.png,Consider a B+ Tree where the maximum number of key values in each leaf node is 2 and the maximum number of pointers in each non-leaf node is 3. Let the content 
DA2026-Q42,2026,42,DA,MCQ,2,table;display_math,"contains a table; extracted text flattens rows and columns | fractions, matrices, big operators or stacked math; linear text may be ambiguous",27,data/processed/crops/2026/DA2026-Q42.png,"Consider the given relations X, Y and Z. The relation X has three columns P, Q and R. The relation Y has three columns P, Q and S. The relation Z has two column"
DA2026-Q43,2026,43,DA,MCQ,2,figure,contains an image or vector drawing; text alone is incomplete,28,data/processed/crops/2026/DA2026-Q43.png,Consider the concept hierarchies as shown in the figure. Which of the following options denotes the total number of possible data cuboids from these concept hie
DA2026-Q45,2026,45,DA,MCQ,2,display_math,"fractions, matrices, big operators or stacked math; linear text may be ambiguous",29,data/processed/crops/2026/DA2026-Q45.png,Let n L = _nli_{→}m_{∞} ∑e^{−}k^n!n^k k=0 Which of the following is the value of L?
DA2026-Q46,2026,46,DA,MCQ,2,display_math,"fractions, matrices, big operators or stacked math; linear text may be ambiguous",30,data/processed/crops/2026/DA2026-Q46.png,"1 0 0 Let γ_1, γ_2, γ_3 be the eigenvalues of the matrix [0 cos t sin t], 0 −sin t cos t where t ∈ [−π, π] is in radians. Which one of the following options lis"
DA2026-Q51,2026,51,DA,MSQ,2,table,contains a table; extracted text flattens rows and columns,34,data/processed/crops/2026/DA2026-Q51.png,"Consider a table Employee(EmpID, TeamID), where the column EmpID (ID of an employee) is the primary key. The column TeamID denotes the team ID of the team of wh"
DA2026-Q52,2026,52,DA,MSQ,2,display_math,"fractions, matrices, big operators or stacked math; linear text may be ambiguous",35,data/processed/crops/2026/DA2026-Q52.png,"Let M = (I_n −_n^1 11^T) be a matrix, where 1 = (1,1,1, … ,1)^T ∈ ℝ^n and I_n is the identity matrix of order n. Which of the following options is/are correct?"
DA2026-Q53,2026,53,DA,MSQ,2,display_math,"fractions, matrices, big operators or stacked math; linear text may be ambiguous",35,data/processed/crops/2026/DA2026-Q53.png,"Let X_1, X_2, … . , X_n be n independent random variables. Each of the random variables follows Normal(μ = 0, σ^2 = 1) distribution. Define X̅ =^{1 n} . _n ∑_{i"
DA2026-Q59,2026,59,DA,NAT,2,table;display_math,"contains a table; extracted text flattens rows and columns | fractions, matrices, big operators or stacked math; linear text may be ambiguous",38,data/processed/crops/2026/DA2026-Q59.png,"Let there be two relations X and Y as shown. X has three columns P, Q and R. Y has two columns P and S. X Y P Q R P S P1 Q1 R1 P1 10 P2 Q2 R2 P1 15 P3 Q3 R2 P2 "
DA2026-Q60,2026,60,DA,NAT,2,table;display_math,"contains a table; extracted text flattens rows and columns | fractions, matrices, big operators or stacked math; linear text may be ambiguous",38,data/processed/crops/2026/DA2026-Q60.png,Let Account be a relation as shown. Account AccNo Balance A1 5000 A2 5000 A3 10000 A4 15000 A5 18000 Consider the given SQL query. SELECT AccNo FROM Account AS 
DA2026-Q62,2026,62,DA,NAT,2,display_math,"fractions, matrices, big operators or stacked math; linear text may be ambiguous",39,data/processed/crops/2026/DA2026-Q62.png,"For a given data set {x_1, x_2, … . , x_n}, where n = 100, it is known that n n 1 2000 ∑∑(x_i − x_j)^2 = 99 i=1 j=1 Let us denote x̅ =^{1 n} _n ∑_{i=1} x_i The "
DA2026-Q65,2026,65,DA,NAT,2,display_math,"fractions, matrices, big operators or stacked math; linear text may be ambiguous",39,data/processed/crops/2026/DA2026-Q65.png,"Let A = (I_n −_n^1 11^T) be a matrix, where 1 = (1,1,1, … ,1)^T ∈ ℝ^n and I_n is the identity matrix of order n. The value of maxx^TAx , where S = {x ∈ ℝ^n| x^T"
