paper,section_id,section_title,item_id,label,cluster,official_text,note
DA,DA.PS,Probability and Statistics,DA.PS.01,Counting: permutations & combinations,Probability foundations,Counting (permutation and combinations),
DA,DA.PS,Probability and Statistics,DA.PS.02,Probability axioms,Probability foundations,probability axioms,
DA,DA.PS,Probability and Statistics,DA.PS.03,Sample space,Probability foundations,Sample space,
DA,DA.PS,Probability and Statistics,DA.PS.04,Events,Probability foundations,events,
DA,DA.PS,Probability and Statistics,DA.PS.05,Independent events,Probability foundations,independent events,
DA,DA.PS,Probability and Statistics,DA.PS.06,Mutually exclusive events,Probability foundations,mutually exclusive events,
DA,DA.PS,Probability and Statistics,DA.PS.07,"Marginal, conditional & joint probability",Probability foundations,"marginal, conditional and joint probability",
DA,DA.PS,Probability and Statistics,DA.PS.08,Bayes' theorem,Probability foundations,Bayes Theorem,
DA,DA.PS,Probability and Statistics,DA.PS.09,Conditional expectation & variance,Random variables & expectation,conditional expectation and variance,
DA,DA.PS,Probability and Statistics,DA.PS.10,"Mean, median, mode & standard deviation",Descriptive statistics,"mean, median, mode and standard deviation",
DA,DA.PS,Probability and Statistics,DA.PS.11,Correlation & covariance,Descriptive statistics,"correlation, and covariance",
DA,DA.PS,Probability and Statistics,DA.PS.12,Random variables,Random variables & expectation,random variables,
DA,DA.PS,Probability and Statistics,DA.PS.13,Discrete random variables & PMFs,Random variables & expectation,discrete random variables and probability mass functions,
DA,DA.PS,Probability and Statistics,DA.PS.14,Discrete uniform distribution,Distributions,uniform,"First 'uniform' of the official text, listed with the discrete distributions."
DA,DA.PS,Probability and Statistics,DA.PS.15,Bernoulli distribution,Distributions,Bernoulli,
DA,DA.PS,Probability and Statistics,DA.PS.16,Binomial distribution,Distributions,binomial distribution,
DA,DA.PS,Probability and Statistics,DA.PS.17,Continuous random variables & PDFs,Random variables & expectation,Continuous random variables and probability distribution function,
DA,DA.PS,Probability and Statistics,DA.PS.18,Continuous uniform distribution,Distributions,uniform,"Second 'uniform' of the official text, listed with the continuous distributions."
DA,DA.PS,Probability and Statistics,DA.PS.19,Exponential distribution,Distributions,exponential,
DA,DA.PS,Probability and Statistics,DA.PS.20,Poisson distribution,Distributions,Poisson,"The official text lists Poisson among the continuous distributions, although it is discrete."
DA,DA.PS,Probability and Statistics,DA.PS.21,Normal distribution,Distributions,normal,
DA,DA.PS,Probability and Statistics,DA.PS.22,Standard normal distribution,Distributions,standard normal,
DA,DA.PS,Probability and Statistics,DA.PS.23,t-distribution,Distributions,t-distribution,
DA,DA.PS,Probability and Statistics,DA.PS.24,Chi-squared distribution,Distributions,chi-squared distributions,
DA,DA.PS,Probability and Statistics,DA.PS.25,Cumulative distribution function (CDF),Random variables & expectation,cumulative distribution function,
DA,DA.PS,Probability and Statistics,DA.PS.26,Conditional PDF,Random variables & expectation,Conditional PDF,
DA,DA.PS,Probability and Statistics,DA.PS.27,Central limit theorem,Statistical inference,Central limit theorem,
DA,DA.PS,Probability and Statistics,DA.PS.28,Confidence intervals,Statistical inference,confidence interval,
DA,DA.PS,Probability and Statistics,DA.PS.29,z-test,Statistical inference,z-test,
DA,DA.PS,Probability and Statistics,DA.PS.30,t-test,Statistical inference,t-test,
DA,DA.PS,Probability and Statistics,DA.PS.31,Chi-squared test,Statistical inference,chi-squared test,
DA,DA.LA,Linear Algebra,DA.LA.01,Vector spaces,Vector spaces,Vector space,
DA,DA.LA,Linear Algebra,DA.LA.02,Subspaces,Vector spaces,subspaces,
DA,DA.LA,Linear Algebra,DA.LA.03,Linear dependence & independence,Vector spaces,linear dependence and independence of vectors,
DA,DA.LA,Linear Algebra,DA.LA.04,Matrices (general),Matrices,matrices,
DA,DA.LA,Linear Algebra,DA.LA.05,Projection matrix,Matrices,projection matrix,
DA,DA.LA,Linear Algebra,DA.LA.06,Orthogonal matrix,Matrices,orthogonal matrix,
DA,DA.LA,Linear Algebra,DA.LA.07,Idempotent matrix,Matrices,idempotent matrix,
DA,DA.LA,Linear Algebra,DA.LA.08,Partitioned matrices & properties,Matrices,partition matrix and their properties,
DA,DA.LA,Linear Algebra,DA.LA.09,Quadratic forms,Matrices,quadratic forms,
DA,DA.LA,Linear Algebra,DA.LA.10,Systems of linear equations,Linear systems,systems of linear equations and solutions,
DA,DA.LA,Linear Algebra,DA.LA.11,Gaussian elimination,Linear systems,Gaussian elimination,
DA,DA.LA,Linear Algebra,DA.LA.12,Eigenvalues & eigenvectors,Eigenvalues & decompositions,eigenvalues and eigenvectors,
DA,DA.LA,Linear Algebra,DA.LA.13,Determinant,Matrices,determinant,
DA,DA.LA,Linear Algebra,DA.LA.14,Rank,Linear systems,rank,
DA,DA.LA,Linear Algebra,DA.LA.15,Nullity,Linear systems,nullity,
DA,DA.LA,Linear Algebra,DA.LA.16,Projections,Vector spaces,projections,
DA,DA.LA,Linear Algebra,DA.LA.17,LU decomposition,Eigenvalues & decompositions,LU decomposition,
DA,DA.LA,Linear Algebra,DA.LA.18,Singular value decomposition (SVD),Eigenvalues & decompositions,singular value decomposition,
DA,DA.CO,Calculus and Optimization,DA.CO.01,Functions of a single variable,Calculus,Functions of a single variable,
DA,DA.CO,Calculus and Optimization,DA.CO.02,Limits,Calculus,limit,
DA,DA.CO,Calculus and Optimization,DA.CO.03,Continuity & differentiability,Calculus,continuity and differentiability,
DA,DA.CO,Calculus and Optimization,DA.CO.04,Taylor series,Calculus,Taylor series,
DA,DA.CO,Calculus and Optimization,DA.CO.05,Maxima & minima,Optimization,maxima and minima,
DA,DA.CO,Calculus and Optimization,DA.CO.06,Single-variable optimization,Optimization,optimization involving a single variable,
DA,DA.PD,"Programming, Data Structures and Algorithms",DA.PD.01,Programming in Python,Python programming,Programming in Python,
DA,DA.PD,"Programming, Data Structures and Algorithms",DA.PD.02,Stacks,Data structures,stacks,
DA,DA.PD,"Programming, Data Structures and Algorithms",DA.PD.03,Queues,Data structures,queues,
DA,DA.PD,"Programming, Data Structures and Algorithms",DA.PD.04,Linked lists,Data structures,linked lists,
DA,DA.PD,"Programming, Data Structures and Algorithms",DA.PD.05,Trees,Data structures,trees,
DA,DA.PD,"Programming, Data Structures and Algorithms",DA.PD.06,Hash tables,Data structures,hash tables,
DA,DA.PD,"Programming, Data Structures and Algorithms",DA.PD.07,Linear search,Searching & sorting,linear search,
DA,DA.PD,"Programming, Data Structures and Algorithms",DA.PD.08,Binary search,Searching & sorting,binary search,
DA,DA.PD,"Programming, Data Structures and Algorithms",DA.PD.09,Selection sort,Searching & sorting,selection sort,
DA,DA.PD,"Programming, Data Structures and Algorithms",DA.PD.10,Bubble sort,Searching & sorting,bubble sort,
DA,DA.PD,"Programming, Data Structures and Algorithms",DA.PD.11,Insertion sort,Searching & sorting,insertion sort,
DA,DA.PD,"Programming, Data Structures and Algorithms",DA.PD.12,Merge sort,Searching & sorting,mergesort,
DA,DA.PD,"Programming, Data Structures and Algorithms",DA.PD.13,Quicksort,Searching & sorting,quicksort,
DA,DA.PD,"Programming, Data Structures and Algorithms",DA.PD.14,Graph theory basics,Graphs,introduction to graph theory,
DA,DA.PD,"Programming, Data Structures and Algorithms",DA.PD.15,Graph traversals (BFS/DFS),Graphs,traversals,
DA,DA.PD,"Programming, Data Structures and Algorithms",DA.PD.16,Shortest paths,Graphs,shortest path,
DA,DA.DB,Database Management and Warehousing,DA.DB.01,ER model,Relational databases,ER-model,
DA,DA.DB,Database Management and Warehousing,DA.DB.02,Relational algebra,Relational databases,relational algebra,
DA,DA.DB,Database Management and Warehousing,DA.DB.03,Tuple relational calculus,Relational databases,tuple calculus,
DA,DA.DB,Database Management and Warehousing,DA.DB.04,SQL,Relational databases,SQL,
DA,DA.DB,Database Management and Warehousing,DA.DB.05,Integrity constraints & keys,Relational databases,integrity constraints,
DA,DA.DB,Database Management and Warehousing,DA.DB.06,Normal forms,Relational databases,normal form,
DA,DA.DB,Database Management and Warehousing,DA.DB.07,File organization,Storage & indexing,file organization,
DA,DA.DB,Database Management and Warehousing,DA.DB.08,Indexing (incl. B/B+ trees),Storage & indexing,indexing,
DA,DA.DB,Database Management and Warehousing,DA.DB.09,Data (attribute) types,Data preprocessing,data types,
DA,DA.DB,Database Management and Warehousing,DA.DB.10,Data normalization (scaling),Data preprocessing,normalization,"Data-transformation sense (feature scaling), not relational normal forms (see DA.DB.06)."
DA,DA.DB,Database Management and Warehousing,DA.DB.11,Discretization,Data preprocessing,discretization,
DA,DA.DB,Database Management and Warehousing,DA.DB.12,Sampling,Data preprocessing,sampling,
DA,DA.DB,Database Management and Warehousing,DA.DB.13,Compression,Data preprocessing,compression,
DA,DA.DB,Database Management and Warehousing,DA.DB.14,Multidimensional schemas (star/snowflake),Data warehousing,schema for multidimensional data models,
DA,DA.DB,Database Management and Warehousing,DA.DB.15,Concept hierarchies,Data warehousing,concept hierarchies,
DA,DA.DB,Database Management and Warehousing,DA.DB.16,Measures: categorization & computation,Data warehousing,measures: categorization and computations,
DA,DA.ML,Machine Learning,DA.ML.01,Regression vs classification problems,Supervised learning setup,regression and classification problems,
DA,DA.ML,Machine Learning,DA.ML.02,Simple linear regression,Regression,simple linear regression,
DA,DA.ML,Machine Learning,DA.ML.03,Multiple linear regression,Regression,multiple linear regression,
DA,DA.ML,Machine Learning,DA.ML.04,Ridge regression,Regression,ridge regression,
DA,DA.ML,Machine Learning,DA.ML.05,Logistic regression,Classification,logistic regression,
DA,DA.ML,Machine Learning,DA.ML.06,k-nearest neighbours,Classification,k-nearest neighbour,
DA,DA.ML,Machine Learning,DA.ML.07,Naive Bayes classifier,Classification,naive Bayes classifier,
DA,DA.ML,Machine Learning,DA.ML.08,Linear discriminant analysis (LDA),Classification,linear discriminant analysis,
DA,DA.ML,Machine Learning,DA.ML.09,Support vector machines,Classification,support vector machine,
DA,DA.ML,Machine Learning,DA.ML.10,Decision trees,Classification,decision trees,
DA,DA.ML,Machine Learning,DA.ML.11,Bias-variance trade-off,Model evaluation & selection,bias-variance trade-off,
DA,DA.ML,Machine Learning,DA.ML.12,Leave-one-out cross-validation,Model evaluation & selection,leave-one-out (LOO) cross-validation,
DA,DA.ML,Machine Learning,DA.ML.13,k-fold cross-validation,Model evaluation & selection,k-folds cross-validation,
DA,DA.ML,Machine Learning,DA.ML.14,Multi-layer perceptron,Neural networks,multi-layer perceptron,
DA,DA.ML,Machine Learning,DA.ML.15,Feed-forward neural networks,Neural networks,feed-forward neural network,
DA,DA.ML,Machine Learning,DA.ML.16,Clustering algorithms (general),Clustering,clustering algorithms,
DA,DA.ML,Machine Learning,DA.ML.17,k-means / k-medoids,Clustering,k-means/k-medoid,
DA,DA.ML,Machine Learning,DA.ML.18,Hierarchical clustering,Clustering,hierarchical clustering,
DA,DA.ML,Machine Learning,DA.ML.19,Top-down (divisive) clustering,Clustering,top-down,
DA,DA.ML,Machine Learning,DA.ML.20,Bottom-up (agglomerative) clustering,Clustering,bottom-up,
DA,DA.ML,Machine Learning,DA.ML.21,Single linkage,Clustering,single-linkage,
DA,DA.ML,Machine Learning,DA.ML.22,Multiple linkage,Clustering,multiple-linkage,Official wording. Questions on complete or average linkage are tagged here.
DA,DA.ML,Machine Learning,DA.ML.23,Dimensionality reduction (general),Dimensionality reduction,dimensionality reduction,
DA,DA.ML,Machine Learning,DA.ML.24,Principal component analysis (PCA),Dimensionality reduction,principal component analysis,
DA,DA.AI,AI,DA.AI.01,Informed (heuristic) search,Search,informed,
DA,DA.AI,AI,DA.AI.02,Uninformed search,Search,uninformed,
DA,DA.AI,AI,DA.AI.03,Adversarial search (game trees),Search,adversarial,
DA,DA.AI,AI,DA.AI.04,Propositional logic,Logic,propositional,
DA,DA.AI,AI,DA.AI.05,Predicate (first-order) logic,Logic,predicate,
DA,DA.AI,AI,DA.AI.06,Conditional independence (Bayesian networks),Reasoning under uncertainty,conditional independence representation,
DA,DA.AI,AI,DA.AI.07,Exact inference: variable elimination,Reasoning under uncertainty,exact inference through variable elimination,
DA,DA.AI,AI,DA.AI.08,Approximate inference: sampling,Reasoning under uncertainty,approximate inference through sampling,
GA,GA.VA,Verbal Aptitude,GA.VA.01,English grammar,Verbal Aptitude,"Basic English grammar: tenses, articles, adjectives, prepositions, conjunctions, verb-noun agreement, and other parts of speech",
GA,GA.VA,Verbal Aptitude,GA.VA.02,"Vocabulary: words, idioms & phrases",Verbal Aptitude,"Basic vocabulary: words, idioms, and phrases in context",
GA,GA.VA,Verbal Aptitude,GA.VA.03,Reading comprehension,Verbal Aptitude,Reading and comprehension,
GA,GA.VA,Verbal Aptitude,GA.VA.04,Narrative sequencing,Verbal Aptitude,Narrative sequencing,
GA,GA.QA,Quantitative Aptitude,GA.QA.01,"Data interpretation (graphs, plots, maps, tables)",Quantitative Aptitude,"Data interpretation: data graphs (bar graphs, pie charts, and other graphs representing data), 2-and 3-dimensional plots, maps, and tables",
GA,GA.QA,Quantitative Aptitude,GA.QA.02,Ratios,Quantitative Aptitude,ratios,
GA,GA.QA,Quantitative Aptitude,GA.QA.03,Percentages,Quantitative Aptitude,percentages,
GA,GA.QA,Quantitative Aptitude,GA.QA.04,"Powers, exponents & logarithms",Quantitative Aptitude,"powers, exponents and logarithms",
GA,GA.QA,Quantitative Aptitude,GA.QA.05,Permutations & combinations,Quantitative Aptitude,permutations and combinations,
GA,GA.QA,Quantitative Aptitude,GA.QA.06,Series,Quantitative Aptitude,series,
GA,GA.QA,Quantitative Aptitude,GA.QA.07,Mensuration & geometry,Quantitative Aptitude,Mensuration and geometry,
GA,GA.QA,Quantitative Aptitude,GA.QA.08,Elementary statistics & probability,Quantitative Aptitude,Elementary statistics and probability,
GA,GA.AA,Analytical Aptitude,GA.AA.01,Logic: deduction & induction,Analytical Aptitude,Logic: deduction and induction,
GA,GA.AA,Analytical Aptitude,GA.AA.02,Analogy,Analytical Aptitude,Analogy,
GA,GA.AA,Analytical Aptitude,GA.AA.03,Numerical relations & reasoning,Analytical Aptitude,Numerical relations and reasoning,
GA,GA.SA,Spatial Aptitude,GA.SA.01,Transformation of shapes,Spatial Aptitude,"Transformation of shapes: translation, rotation, scaling, mirroring, assembling, and grouping",
GA,GA.SA,Spatial Aptitude,GA.SA.02,"Paper folding, cutting & patterns (2D/3D)",Spatial Aptitude,"paper folding, cutting, and patterns in 2 and 3 dimensions",
