id,reference_primary,reference_label,llm_primary,llm_label,ml_primary,llm_primary_in_reference_items,reference_rationale,llm_rationale,crop
DA2024-Q01,GA.AA.02,Analogy,GA.VA.02,"Vocabulary: words, idioms & phrases",GA.VA.01,True,Word-intensity analogy; needs the meaning of 'vain'.,Tests vocabulary analogy.,data/processed/crops/2024/DA2024-Q01.png
DA2024-Q02,GA.SA.02,"Paper folding, cutting & patterns (2D/3D)",GA.SA.01,Transformation of shapes,GA.SA.02,False,Minimum colours for adjacent regions of a 2D figure (map colouring).,Requires reasoning about adjacency and coloring of a planar figure.,data/processed/crops/2024/DA2024-Q02.png
DA2024-Q08,GA.QA.03,Percentages,GA.QA.08,Elementary statistics & probability,GA.QA.02,False,Annual rate of return from an investment table.,"Uses weighted returns to find unknown rate, a basic probability/statistics calculation.",data/processed/crops/2024/DA2024-Q08.png
DA2024-Q09,GA.SA.02,"Paper folding, cutting & patterns (2D/3D)",GA.SA.01,Transformation of shapes,GA.SA.02,False,Cube net consistent with three views of a die.,Identifies correct net of a cube (spatial transformation).,data/processed/crops/2024/DA2024-Q09.png
DA2024-Q10,GA.SA.02,"Paper folding, cutting & patterns (2D/3D)",GA.SA.01,Transformation of shapes,GA.SA.01,False,Cross-section of two joined cones cut through their vertices.,Determines cross‑section shape of combined cones (spatial reasoning).,data/processed/crops/2024/DA2024-Q10.png
DA2024-Q12,DA.PS.06,Mutually exclusive events,DA.PS.01,Counting: permutations & combinations,DA.PS.05,False,'At least two heads' and 'at least two tails' cannot co-occur in three tosses.,Requires counting outcomes and event intersection.,data/processed/crops/2024/DA2024-Q12.png
DA2024-Q14,DA.PD.15,Graph traversals (BFS/DFS),DA.PD.14,Graph theory basics,DA.PD.15,True,DFS edge classification (tree/back/cross).,Edge classification in DFS is a graph theory concept.,data/processed/crops/2024/DA2024-Q14.png
DA2024-Q18,DA.ML.07,Naive Bayes classifier,DA.ML.24,Principal component analysis (PCA),DA.ML.08,True,Generative vs discriminative classifiers; PCA as dimensionality reduction.,"Matches PCA (dimensionality reduction), Naïve Bayes (generative), Logistic regression (discriminative).",data/processed/crops/2024/DA2024-Q18.png
DA2024-Q19,DA.ML.17,k-means / k-medoids,DA.ML.16,Clustering algorithms (general),DA.ML.06,False,Which point must share a k-means cluster (convex cluster regions).,Relates to properties of Euclidean k‑means clustering.,data/processed/crops/2024/DA2024-Q19.png
DA2024-Q21,DA.PD.06,Hash tables,DA.PS.02,Probability axioms,DA.PD.06,False,Expected probes for insertion with open addressing.,Expected probes formula uses probability concepts though not explicitly in syllabus.,data/processed/crops/2024/DA2024-Q21.png
DA2024-Q22,DA.ML.08,Linear discriminant analysis (LDA),DA.LA.12,Eigenvalues & eigenvectors,DA.LA.18,True,Fisher LDA criterion leads to a generalized eigenproblem.,Fisher discriminant leads to a generalized eigenvalue problem.,data/processed/crops/2024/DA2024-Q22.png
DA2024-Q27,DA.DB.10,Data normalization (scaling),DA.PS.10,"Mean, median, mode & standard deviation",DA.PS.24,True,z-score normalization of an attribute.,Z‑score calculation uses mean and standard deviation.,data/processed/crops/2024/DA2024-Q27.png
DA2024-Q28,DA.PD.05,Trees,DA.PD.14,Graph theory basics,DA.PD.08,False,Which traversal pairs reconstruct a full binary tree.,"Tree reconstruction relies on knowledge of binary tree traversals, a graph theory topic.",data/processed/crops/2024/DA2024-Q28.png
DA2024-Q36,DA.PS.09,Conditional expectation & variance,DA.PS.02,Probability axioms,DA.PS.05,False,Expected throws until two consecutive even numbers (condition on the first throw).,Expected number of throws is a probability expectation problem based on basic probability axioms.,data/processed/crops/2024/DA2024-Q36.png
DA2024-Q42,DA.ML.21,Single linkage,DA.ML.16,Clustering algorithms (general),DA.ML.21,False,Dendrogram produced by single-linkage clustering.,"The question asks about single linkage clustering, a clustering algorithm.",data/processed/crops/2024/DA2024-Q42.png
DA2024-Q46,DA.DB.06,Normal forms,DA.DB.05,Integrity constraints & keys,DA.DB.02,False,Derive functional dependencies with Armstrong's axioms.,Deriving functional dependencies relates to integrity constraints and keys.,data/processed/crops/2024/DA2024-Q46.png
DA2024-Q47,DA.LA.02,Subspaces,DA.LA.01,Vector spaces,DA.LA.10,False,Which sets are subspaces of R^3.,"The problem asks to identify subspaces, a concept under vector spaces.",data/processed/crops/2024/DA2024-Q47.png
DA2024-Q48,DA.LA.10,Systems of linear equations,DA.LA.14,Rank,DA.LA.10,True,Possible solution counts of linear systems by matrix shape.,Uniqueness and infiniteness of solutions depend on the rank of the matrix.,data/processed/crops/2024/DA2024-Q48.png
DA2024-Q51,DA.PD.15,Graph traversals (BFS/DFS),DA.PD.14,Graph theory basics,DA.PD.15,True,Valid topological orderings of a DAG.,Topological sort is a graph theory concept covered under graph theory basics.,data/processed/crops/2024/DA2024-Q51.png
DA2024-Q54,DA.AI.05,Predicate (first-order) logic,DA.AI.04,Propositional logic,DA.AI.05,False,First-order logic encoding of an assertion.,The question deals with propositional logic representations.,data/processed/crops/2024/DA2024-Q54.png
DA2024-Q56,DA.PS.18,Continuous uniform distribution,DA.PS.17,Continuous random variables & PDFs,DA.PS.09,False,P(X >= Y) for independent uniform random variables.,Computing P(X≥Y) for continuous independent uniforms uses continuous random variables.,data/processed/crops/2024/DA2024-Q56.png
DA2024-Q59,DA.PS.09,Conditional expectation & variance,DA.PS.26,Conditional PDF,DA.PS.11,True,Conditional expectation from a joint PDF.,The question asks for conditional expectation using the conditional PDF.,data/processed/crops/2024/DA2024-Q59.png
DA2024-Q62,DA.ML.10,Decision trees,DA.DB.16,Measures: categorization & computation,DA.DB.02,False,Information gain of a decision-tree split.,Information gain is a measure used in decision‑tree modelling.,data/processed/crops/2024/DA2024-Q62.png
DA2024-Q64,DA.AI.06,Conditional independence (Bayesian networks),DA.AI.07,Exact inference: variable elimination,DA.PS.15,False,Joint probability from Bayesian-network CPTs.,Computing a joint probability from a Bayesian network requires exact inference.,data/processed/crops/2024/DA2024-Q64.png
DA2025-Q06,GA.VA.02,"Vocabulary: words, idioms & phrases",GA.AA.01,Logic: deduction & induction,GA.VA.01,False,Phrasal verbs (bring up; look up; clear up; take up).,Matching statements requires logical deduction.,data/processed/crops/2025/DA2025-Q06.png
DA2025-Q10,GA.QA.01,"Data interpretation (graphs, plots, maps, tables)",GA.QA.08,Elementary statistics & probability,GA.QA.06,True,Average earning per shift from a bar chart.,Computes average from frequency data – elementary statistics.,data/processed/crops/2025/DA2025-Q10.png
DA2025-Q13,DA.LA.10,Systems of linear equations,DA.LA.15,Nullity,DA.LA.10,True,Row sums of 1 make Bx = 0 have non-trivial solutions.,Requires reasoning about nullity/rank of B derived from powers of A.,data/processed/crops/2025/DA2025-Q13.png
DA2025-Q14,DA.CO.04,Taylor series,DA.CO.01,Functions of a single variable,DA.CO.05,True,Higher derivatives of sinh at 0 (Taylor coefficients).,Derivative of a single‑variable function.,data/processed/crops/2025/DA2025-Q14.png
DA2025-Q16,DA.DB.06,Normal forms,DA.DB.02,Relational algebra,DA.DB.02,True,A decomposition that is not dependency-preserving needs joins to check FDs.,"The question asks which relational operator will be used more often, a relational algebra concept.",data/processed/crops/2025/DA2025-Q16.png
DA2025-Q20,DA.PS.11,Correlation & covariance,DA.PS.21,Normal distribution,DA.PS.09,False,Covariance and variance of X = aZ + b with Z standard normal.,The question manipulates a normal random variable and uses its mean and variance properties.,data/processed/crops/2025/DA2025-Q20.png
DA2025-Q22,DA.ML.14,Multi-layer perceptron,DA.ML.01,Regression vs classification problems,DA.ML.08,True,Perceptron update rule for a linear classifier.,"The perceptron update rule is a basic linear classification algorithm, falling under classification problems.",data/processed/crops/2025/DA2025-Q22.png
DA2025-Q30,DA.ML.21,Single linkage,DA.ML.16,Clustering algorithms (general),DA.ML.21,False,Min vs max dissimilarity in single and complete linkage.,"Linkage definitions pertain to clustering, which falls under general clustering algorithms.",data/processed/crops/2025/DA2025-Q30.png
DA2025-Q32,DA.CO.02,Limits,DA.CO.01,Functions of a single variable,DA.PS.25,False,Limit of sqrt(t^2 + t) - t.,Evaluating a limit of a single‑variable function requires basic calculus of functions.,data/processed/crops/2025/DA2025-Q32.png
DA2025-Q36,DA.PS.24,Chi-squared distribution,DA.PS.21,Normal distribution,DA.PS.24,False,Variance of the square of a standard normal (chi-squared with 1 degree of freedom).,Variance of square of a normal variable uses properties of the normal distribution.,data/processed/crops/2025/DA2025-Q36.png
DA2025-Q37,DA.LA.14,Rank,DA.LA.12,Eigenvalues & eigenvectors,DA.LA.13,True,A^3 = A implies A and A^2 have the same rank.,The statement follows from eigen‑value analysis of a matrix satisfying A³=A.,data/processed/crops/2025/DA2025-Q37.png
DA2025-Q38,DA.LA.09,Quadratic forms,DA.LA.03,Linear dependence & independence,DA.LA.13,True,Gram matrix of independent vectors is positive definite.,"Gram matrix of linearly independent vectors is invertible, linking linear independence to matrix invertibility.",data/processed/crops/2025/DA2025-Q38.png
DA2025-Q43,DA.AI.03,Adversarial search (game trees),DA.AI.01,Informed (heuristic) search,DA.PD.05,False,Ranges of leaf values for alpha-beta pruning.,Alpha‑beta pruning decisions depend on heuristic informed search ordering.,data/processed/crops/2025/DA2025-Q43.png
DA2025-Q45,DA.PS.05,Independent events,DA.PS.01,Counting: permutations & combinations,DA.PS.04,False,Probability of at least one 1 in 100 independent dice.,Probability of at least one ‘1’ in 100 independent dice uses counting (complement) principle.,data/processed/crops/2025/DA2025-Q45.png
DA2025-Q50,DA.LA.05,Projection matrix,DA.LA.12,Eigenvalues & eigenvectors,DA.LA.12,True,Sum of x_i x_i^T over orthonormal vectors is a projection.,Statements concern eigenvalues and singular values of a symmetric matrix.,data/processed/crops/2025/DA2025-Q50.png
DA2025-Q53,DA.ML.09,Support vector machines,DA.ML.01,Regression vs classification problems,DA.ML.07,False,Hard-margin SVM: weights; support vectors and margin.,The problem is about a linear binary classifier (SVM) which is not explicitly covered in the listed items.,data/processed/crops/2025/DA2025-Q53.png
DA2025-Q54,DA.PS.15,Bernoulli distribution,DA.PS.16,Binomial distribution,DA.PS.05,True,Mean and variance of the sample proportion of Bernoulli trials.,Sample proportion of Bernoulli trials follows a binomial distribution.,data/processed/crops/2025/DA2025-Q54.png
DA2025-Q58,DA.PD.16,Shortest paths,DA.PD.14,Graph theory basics,DA.PD.15,True,Which edges cannot exist given shortest paths.,"Question asks about existence of edges in an undirected graph, a basic graph theory concept.",data/processed/crops/2025/DA2025-Q58.png
DA2025-Q60,DA.ML.24,Principal component analysis (PCA),DA.LA.12,Eigenvalues & eigenvectors,DA.PS.24,True,Variance along the first principal direction.,Requires eigenvalues/eigenvectors of the covariance matrix to find variance direction.,data/processed/crops/2025/DA2025-Q60.png
DA2025-Q61,DA.PS.16,Binomial distribution,DA.PS.15,Bernoulli distribution,DA.PS.08,False,Expected count of black balls in draws with replacement.,Expectation of number of black balls drawn is based on Bernoulli trials.,data/processed/crops/2025/DA2025-Q61.png
DA2025-Q65,DA.PD.15,Graph traversals (BFS/DFS),DA.PD.14,Graph theory basics,DA.PD.15,False,Vertices discovered by DFS on a directed graph.,Question concerns DFS traversal order in a directed graph.,data/processed/crops/2025/DA2025-Q65.png
DA2026-Q02,GA.AA.03,Numerical relations & reasoning,GA.QA.05,Permutations & combinations,GA.AA.03,False,Three-digit number from the product of its digits.,"Requires reasoning about digit combinations, closest to permutations & combinations.",data/processed/crops/2026/DA2026-Q02.png
DA2026-Q05,GA.AA.01,Logic: deduction & induction,GA.VA.01,English grammar,GA.VA.01,True,Deduction from a counterfactual conditional.,Requires understanding of conditional sentence structure in English grammar.,data/processed/crops/2026/DA2026-Q05.png
DA2026-Q09,GA.AA.03,Numerical relations & reasoning,GA.QA.05,Permutations & combinations,GA.QA.04,False,Digit puzzle with squares of consecutive numbers.,"Requires combinatorial reasoning about digit arrangements, closest to permutations.",data/processed/crops/2026/DA2026-Q09.png
DA2026-Q13,DA.AI.02,Uninformed search,DA.AI.01,Informed (heuristic) search,DA.AI.02,True,Which search algorithm is not uninformed.,"A* uses heuristics, making it an informed search.",data/processed/crops/2026/DA2026-Q13.png
DA2026-Q17,DA.DB.06,Normal forms,DA.DB.02,Relational algebra,DA.DB.02,False,Candidate keys from a set of functional dependencies.,Determining candidate keys from functional dependencies is part of relational theory.,data/processed/crops/2026/DA2026-Q17.png
DA2026-Q18,DA.DB.15,Concept hierarchies,DA.DB.14,Multidimensional schemas (star/snowflake),DA.DB.09,True,Drill-down along a location concept hierarchy.,Drill‑down is an OLAP operation on multidimensional schemas.,data/processed/crops/2026/DA2026-Q18.png
DA2026-Q21,DA.LA.06,Orthogonal matrix,DA.LA.04,Matrices (general),DA.LA.12,False,Powers of a rotation matrix.,"The question asks about powers of a 2×2 matrix, a topic covered under matrices.",data/processed/crops/2026/DA2026-Q21.png
DA2026-Q22,DA.LA.02,Subspaces,DA.LA.09,Quadratic forms,DA.LA.05,False,Area of a ball cut by a 2D subspace.,"Intersection of a sphere with a 2‑D subspace leads to a circle, involving quadratic forms and subspaces.",data/processed/crops/2026/DA2026-Q22.png
DA2026-Q23,DA.ML.08,Linear discriminant analysis (LDA),DA.ML.16,Clustering algorithms (general),DA.ML.07,False,Match ML tasks to algorithms (LDA; k-medoids; naive Bayes; MCMC).,"The task requires knowledge of which ML algorithms solve which problems, a general ML concept.",data/processed/crops/2026/DA2026-Q23.png
DA2026-Q28,DA.PS.23,t-distribution,DA.PS.21,Normal distribution,DA.PS.25,False,Compare normal and t(1) PDFs and CDFs.,Comparison of normal and t‑distribution densities directly uses the normal distribution syllabus item.,data/processed/crops/2026/DA2026-Q28.png
DA2026-Q30,DA.AI.03,Adversarial search (game trees),DA.AI.02,Uninformed search,DA.AI.03,False,Best MAX strategy in a minimax tree.,"The problem is about minimax decision making, a classic uninformed search technique.",data/processed/crops/2026/DA2026-Q30.png
DA2026-Q35,DA.CO.04,Taylor series,DA.PS.01,Counting: permutations & combinations,DA.LA.10,False,Double geometric series; infinite series are not in the syllabus (nearest item: Taylor series).,The problem is a double geometric series; closest syllabus item is counting.,data/processed/crops/2026/DA2026-Q35.png
DA2026-Q36,DA.ML.20,Bottom-up (agglomerative) clustering,DA.ML.18,Hierarchical clustering,DA.ML.21,True,First merge of agglomerative clustering with Manhattan distance.,Hierarchical agglomerative clustering with Manhattan distance is covered by hierarchical clustering.,data/processed/crops/2026/DA2026-Q36.png
DA2026-Q40,DA.PD.15,Graph traversals (BFS/DFS),DA.PD.14,Graph theory basics,DA.PD.15,True,Reachability under BFS/DFS in a graph and its reverse.,Reachability statements about BFS/DFS on reversed graph are graph theory basics.,data/processed/crops/2026/DA2026-Q40.png
DA2026-Q43,DA.DB.15,Concept hierarchies,DA.DB.14,Multidimensional schemas (star/snowflake),DA.DB.15,True,Number of data cuboids from concept hierarchies.,Concept hierarchies and data cuboids belong to multidimensional schemas.,data/processed/crops/2026/DA2026-Q43.png
DA2026-Q45,DA.PS.27,Central limit theorem,DA.CO.02,Limits,DA.CO.04,True,Poisson partial sums converge to 1/2 by the CLT.,The problem asks for the limit of a series.,data/processed/crops/2026/DA2026-Q45.png
DA2026-Q47,DA.ML.01,Regression vs classification problems,DA.PS.10,"Mean, median, mode & standard deviation",DA.ML.07,False,Accuracy; precision and recall; classification metrics are not in the syllabus.,Classification metrics are not explicitly in the syllabus; the closest is basic statistical measures.,data/processed/crops/2026/DA2026-Q47.png
DA2026-Q48,DA.AI.05,Predicate (first-order) logic,DA.AI.04,Propositional logic,DA.AI.05,False,Validity of first-order logic statements.,"The question deals with first‑order logic, which is related to propositional logic.",data/processed/crops/2026/DA2026-Q48.png
DA2026-Q49,DA.PD.10,Bubble sort,DA.PD.01,Programming in Python,DA.PD.11,False,Comparisons of bubble vs insertion sort on nearly sorted input.,"It concerns algorithmic analysis of sorting, falling under general programming.",data/processed/crops/2026/DA2026-Q49.png
DA2026-Q56,DA.ML.14,Multi-layer perceptron,DA.ML.15,Feed-forward neural networks,DA.ML.14,True,Number of learnable weights in an MLP.,Counting learnable parameters in a feed‑forward neural network falls under feed‑forward neural networks.,data/processed/crops/2026/DA2026-Q56.png
DA2026-Q58,DA.PD.10,Bubble sort,DA.PD.01,Programming in Python,DA.PD.01,True,Swaps made by a recursive bubble-sort pass in Python.,"It asks for the output of a Python program, which is covered by programming in Python.",data/processed/crops/2026/DA2026-Q58.png
DA2026-Q65,DA.LA.09,Quadratic forms,DA.LA.12,Eigenvalues & eigenvectors,DA.LA.07,True,Maximum of a quadratic form over the unit sphere.,The maximization involves the eigenvalues of the centering matrix.,data/processed/crops/2026/DA2026-Q65.png
